{
  "event": "all",
  "iou": 0.45253845258762065,
  "dice": 0.5650041074269924,
  "accuracy": 0.9790731320370482,
  "precision": 0.640828662236661,
  "recall": 0.524735525397307,
  "samples": 2678,
  "std_iou": 0.2689970004923276,
  "std_dice": 0.31672692798603574
}