{
  "global_metrics": {
    "iou": 0.45227665133963224,
    "dice": 0.5657780606058161,
    "accuracy": 0.9761381380876225,
    "precision": 0.6446049424287904,
    "recall": 0.5239268317797589
  },
  "per_event": {
    "all": {
      "iou": 0.45253845258762065,
      "dice": 0.5650041074269924,
      "accuracy": 0.9790731320370482,
      "precision": 0.640828662236661,
      "recall": 0.524735525397307,
      "samples": 2678,
      "std_iou": 0.2689970004923276,
      "std_dice": 0.31672692798603574
    },
    "guatemala-volcano": {
      "iou": 0.4249989804208773,
      "dice": 0.5627852983548356,
      "accuracy": 0.9877626630995009,
      "precision": 0.6944310300170049,
      "recall": 0.49851425194451604,
      "samples": 18,
      "std_iou": 0.2002537063665216,
      "std_dice": 0.2417953708199052
    },
    "hurricane-florence": {
      "iou": 0.6008520020657849,
      "dice": 0.7253766419302066,
      "accuracy": 0.9917185314023009,
      "precision": 0.8088101496897323,
      "recall": 0.6776688943886171,
      "samples": 319,
      "std_iou": 0.1972500273589126,
      "std_dice": 0.2088654313475
    },
    "hurricane-harvey": {
      "iou": 0.5514761101730535,
      "dice": 0.676057456142275,
      "accuracy": 0.9507525811748445,
      "precision": 0.8029141141515252,
      "recall": 0.6036212993435883,
      "samples": 319,
      "std_iou": 0.22374576513469818,
      "std_dice": 0.24555838586256756
    },
    "hurricane-matthew": {
      "iou": 0.40133304238722617,
      "dice": 0.5514815104953988,
      "accuracy": 0.9856836334997866,
      "precision": 0.660034427562186,
      "recall": 0.49834163839508455,
      "samples": 238,
      "std_iou": 0.15620956333789382,
      "std_dice": 0.19336244056626517
    },
    "hurricane-michael": {
      "iou": 0.6032030812862771,
      "dice": 0.7368592054664533,
      "accuracy": 0.9664105562704993,
      "precision": 0.7909308197162837,
      "recall": 0.7050515251726689,
      "samples": 343,
      "std_iou": 0.155669129619728,
      "std_dice": 0.16428914156906352
    },
    "mexico-earthquake": {
      "iou": 0.440688159734461,
      "dice": 0.6000366823064768,
      "accuracy": 0.8462222075659381,
      "precision": 0.8117599565531324,
      "recall": 0.488130443221184,
      "samples": 121,
      "std_iou": 0.12198120169359722,
      "std_dice": 0.14052515674230132
    },
    "midwest-flooding": {
      "iou": 0.4832782729639468,
      "dice": 0.6047688378865773,
      "accuracy": 0.9858160121466524,
      "precision": 0.6665697659180387,
      "recall": 0.5862116316359509,
      "samples": 279,
      "std_iou": 0.24562001794400007,
      "std_dice": 0.28593551823339336
    },
    "palu-tsunami": {
      "iou": 0.6249551868708119,
      "dice": 0.7591957155566781,
      "accuracy": 0.9448184123081443,
      "precision": 0.8453889726201023,
      "recall": 0.6996413965177483,
      "samples": 113,
      "std_iou": 0.12699470698121207,
      "std_dice": 0.1304039881635504
    },
    "santa-rosa-wildfire": {
      "iou": 0.5387181306717009,
      "dice": 0.6850209277865728,
      "accuracy": 0.9706581757131931,
      "precision": 0.7940370081389738,
      "recall": 0.6210547201958198,
      "samples": 226,
      "std_iou": 0.14861179952262488,
      "std_dice": 0.1601518609223659
    },
    "socal-fire": {
      "iou": 0.2515607944148027,
      "dice": 0.3190324772212068,
      "accuracy": 0.9930527502827048,
      "precision": 0.364723707661012,
      "recall": 0.2966318782611988,
      "samples": 823,
      "std_iou": 0.29123061200202416,
      "std_dice": 0.35836339853406346
    }
  },
  "f1_score": 0.5780339802022801
}